Feature,Status,Details
"Project Infrastructure","Complete","SQLite Database setup, Backend API routes configured, Next.js frontend running."
"User Authentication","Complete","Login/Signup working for Patients. Admin login working with seeded credentials."
"Patient Dashboard - Overview","Complete","Displays real booking stats and welcome message from database."
"Patient Dashboard - Bookings","Complete","Lists actual appointments fetched from the backend."
"Patient Dashboard - Reports","Complete","Shows completed tests. Crash issue fixed."
"Patient Dashboard - Profile","Complete","User profile data fetching and updating is functional."
"Super Admin Dashboard","Complete","Displays total users, revenue, and manages admin/patient lists."
"Lab Dashboard","Pending","The dashboard for Lab Partners is currently empty/missing."
"Marketplace - Labs Page","Pending","Currently uses mock data. Needs to fetch real labs from DB."
"Marketplace - Deals Page","Pending","Currently uses mock data. Needs to fetch real packages from DB."
"Search Functionality","Pending","Search bar exists but logic needs to query the real database."
"Checkout Process","Partial","UI is complete. Payment gateway is simulated (fake success)."
"Email Notifications","Pending","No email or SMS alerts are sent yet."
